2011-01-10 00:00:00,Advanced Micro Announces Senior Management Changes
2011-01-20 00:00:00,Advanced Micro Issues Q1 2011 Revenue Guidance Above Estimates
2011-01-31 00:00:00,Advanced Micro Introduces The AMD FirePro 2270 And ATI FirePro V5800 DVI professional graphics cards
2011-04-21 00:00:00,Advanced Micro Issues Q2 2011 Revenue Guidance In Line With Estimates
2011-07-21 00:00:00,Advanced Micro Issues Q3 2011 Revenue Guidance In Line With Estimates
2011-09-28 00:00:00,Advanced Micro Lowers Q3 2011 Revenue Guidance
2011-10-27 00:00:00,Advanced Micro Issues Q4 2011 Revenue Guidance In Line With Estimates
2011-11-03 00:00:00,Advanced Micro Announces Reduction Of Global Workforce By Approximately
2012-01-24 00:00:00,Advanced Micro Issues Q1 2012 Revenue Guidance In Line With Call
2012-03-05 00:00:00,Advanced Micro Sells Stake In
2012-04-19 00:00:00,Advanced Micro Issues Q2 2012 Revenue Guidance In Line With Estimates
2012-06-29 00:00:00,Advanced Micro Comments On Q1 2010 Revenue Call
2012-07-19 00:00:00,Advanced Micro Issues Q3 2012 Revenue Guidance Below Estimates
2012-09-06 00:00:00,Dataram Corp Executes Agreement With Advanced Micro For Radeon RAMDisk
2012-09-17 00:00:00,Advanced Micro Devices Inc Announces Chief Financial Officer Transition
2012-10-18 00:00:00,Advanced Micro Devices Inc Announces Layoffs As PC Sales
2012-10-19 00:00:00,Advanced Micro To Cut Of Its
2012-10-22 00:00:00,Advanced Micro Devices APU Powers Fujitsu STYLISTIC Q572 Tablet
