2011-04-12 00:00:00,Ameriprise Broker Unit To Settle Cases For
2011-04-25 00:00:00,Ameriprise Increases Quarterly Dividend
2011-06-15 00:00:00,Ameriprise Announces Additional Share Repurchase Program
2011-07-26 00:00:00,Ameriprise Declares Regular Quarterly Dividend
2011-08-17 00:00:00,Ladenburg Thalmann Financial To Acquire Securities America From Ameriprise
2011-09-13 00:00:00,Ameriprise Financial Inc Decreases Stake In Beter Bed Holding
2011-10-24 00:00:00,Ameriprise Declares Regular Quarterly Dividend
2011-12-07 00:00:00,Ameriprise Increases Regular Quarterly Dividend
2012-01-19 00:00:00,State Street JPMorgan Chase And Ameriprise Bid For Deutsche Bank
2012-10-10 00:00:00,Zacks Reaffirms Neutral Rating on Ameriprise Financial
2012-10-12 00:00:00,Ameriprise Reaffirmed at Neutral Analyst Blog
2012-10-16 00:00:00,Citi Robust Earnings Boost Financial AINV
2012-10-19 00:00:00,Most Surprising Capital One profit Rose HBC
2012-11-06 00:00:00,Indicated Dividend Yield Ranking for the 500 by Industry
2012-11-07 00:00:00,AMP Crosses Above Yield Territory
