2010-11-11 00:00:00,Broadcom Corporation Declares Quarterly Dividend
2010-11-15 00:00:00,Broadcom Corporation Completes Acquisition Of Percello
2010-11-22 00:00:00,Broadcom Corporation To Acquire Gigle Networks
2010-11-24 00:00:00,Broadcom Corporation Completes Acquisition Of Beceem
2010-12-02 00:00:00,Rambus Files ITC Complaint Against Broadcom Freescale LSI MediaTek NVIDIA And STMicroelectronics
2010-12-14 00:00:00,Broadcom Corporation Announces New Embedded NFC Tag Technology To Simplify Wireless Device Connectivity
2010-12-22 00:00:00,Broadcom Corporation Receives Favourable Claim Construction Ruling in Patent Infringement Case Against Emulex Corporation
2010-12-28 00:00:00,Broadcom Corporation Completes Acquisition Of Gigle Networks
2011-01-05 00:00:00,LG Electronics Selects Broadcom Chipsets For Use In Wireless Connected Digital TVs
2011-01-06 00:00:00,Broadcom Corporation Secures Contract From Samsung Electronics Ltd
2011-01-10 00:00:00,Broadcom Corporation And CSR plc Settle All Litigation
2011-01-20 00:00:00,Broadcom Corporation And Reach Agreement To End Litigations
2011-02-01 00:00:00,Broadcom Corporation Announces Increase In Quarterly Cash Dividend
2011-02-09 00:00:00,Broadcom Corporation Announces Smartphone Baseband Chip With Cellular Modem And Merlyn Applications Processor
2011-02-23 00:00:00,Broadcom Corporation Launches Adapter With Full Offload Capabilities
2011-03-21 00:00:00,Broadcom Corporation To Acquire Provigent
2011-03-22 00:00:00,Topway Selects Broadcom Ethernet Over Coax Technology
2011-04-08 00:00:00,NXP Semiconductors NV In Takeover Talks With Intel QUALCOMM And Broadcom
2011-04-25 00:00:00,Broadcom Corporation Completes Acquisition Of Provigent
2011-04-26 00:00:00,Broadcom Corporation Issues Q2 2011 Revenue Guidance Below Estimates
2011-05-04 00:00:00,NXP Semiconductors NV Plays Down Takeover Speculation With Intel QUALCOMM And Broadcom Corporation
2011-05-05 00:00:00,Broadcom Corporation Declares Quarterly Dividend
2011-05-23 00:00:00,Broadcom Corporation Completes Acquisition Of SC Square
2011-06-30 00:00:00,Selects Broadcom Broadcom Premier Custom IC Program
2011-07-25 00:00:00,Broadcom Corporation Issues Q3 2011 Revenue Guidance In Line With Estimates
2011-09-06 00:00:00,Broadcom Corporation Strengthens TV Market With New Satellite Out Door Unit Technology
2011-09-09 00:00:00,Rovi Corporation And Broadcom Corporation Collaborate To Deliver Entertainment Experience
2011-09-12 00:00:00,Broadcom Corporation To Acquire NetLogic
2011-09-26 00:00:00,Broadcom Corporation Introduces First NFC Chips in 40 NM to Drive Next Generation of Mobile Payments and Consumer Electronic Connectivity
2011-10-25 00:00:00,Broadcom Corporation Issues Q4 2011Revenue Guidance Below Estimates
2011-10-26 00:00:00,Broadcom Corporation Announces Partnership With NFC Forum
2011-11-09 00:00:00,Broadcom Corporation Declares Quarterly Dividend
2011-12-14 00:00:00,Broadcom Corporation Sees Q4 2011 Revenue Guidance At High End Of Prior Range
2012-01-31 00:00:00,Broadcom Corporation Announces Increase In Quarterly Cash Dividend
2012-02-17 00:00:00,Broadcom Corporation Completes Acquisition Of NetLogic
2012-03-20 00:00:00,Sumavision Deploys Broadcom EoC Cable Architecture Solution In China
2012-03-21 00:00:00,Broadcom Corporation Signs Definitive Agreement To Acquire
2012-04-05 00:00:00,Broadcom Corporation Completes Acquisition of BroadLight
2012-05-01 00:00:00,Broadcom Corporation Issues Q2 2012 Revenue Guidance In Line With Estimates
2012-05-15 00:00:00,Broadcom Corporation Declares Quarterly Dividend
2012-06-27 00:00:00,Broadcom Corporation Secures Contract From Alliance
2012-07-03 00:00:00,MIPS Signs Million Tech License Accord With Broadcom
2012-07-05 00:00:00,Broadcom Corporation And Emulex Corporation Reach Partial Settlement
2012-07-24 00:00:00,Broadcom Corporation Issues Q3 2012 Revenue Guidance In Line With Estimates
2012-08-13 00:00:00,Broadcom Corp To Offer Senior Notes
2012-08-16 00:00:00,Broadcom Corp Declare Quarterly Dividend
2012-08-23 00:00:00,Broadcom Corp and Other Companies Form
2012-09-13 00:00:00,Broadcom Corp Reaffirms Q3 2012 Revenue Call
2012-10-10 00:00:00,Broadcom Traders Expect Limited Downside
2012-10-16 00:00:00,BROADCOM CORPORATION Selects Broadcom HomePlug AV
2012-10-17 00:00:00,BROADCOM CORPORATION Broadcom Joins Alliance for Wireless Power
2012-10-18 00:00:00,Broadcom to equip vehicles with ethernet
2012-10-19 00:00:00,Earnings Preview Broadcom Corporation Analyst Blog
2012-10-23 00:00:00,Broadcom Corp Issues Q4 2012 Revenue Guidance Below Estimates
2012-10-24 00:00:00,Jefferies Company Reiterates Buy Lowers PT on Broadcom
2012-10-31 00:00:00,EoC Cable Architecture Solution Accelerates
2012-11-01 00:00:00,Weekly Ratings Changes for Broadcom Corp
