2010-12-07 00:00:00,Danaher Announces Quarterly Dividend
2010-12-15 00:00:00,Danaher Raises Low End Of Prior FY 2010 EPS Issues Q1 2011 GAAP EPS Below Issues FY 2011 GAAP EPS Outlook In Line With Comments On FY 2011 Revenue Outlook
2011-01-27 00:00:00,Danaher Reaffirms FY 2011 GAAP EPS Call
2011-02-07 00:00:00,Danaher To Acquire Beckman
2011-04-21 00:00:00,Danaher Raises FY 2011 EPS Call
2011-04-26 00:00:00,Meggitt PLC Completes Acquisition Of Pacific Scientific Aerospace From Danaher Corporation
2011-06-17 00:00:00,EU Clears Danaher To Buy Beckman
2011-07-21 00:00:00,Danaher Issues Q3 2011 EPS Guidance Below Raises FY 2011 EPS Call
2011-12-13 00:00:00,Communications Agrees To Acquire Kollmorgen Unit Of Danaher Corporation
2011-12-14 00:00:00,Danaher Reaffirms Q4 2011 EPS Issues FY 2012 EPS Guidance In Line With Comments On FY 2012 Revenue Guidance
2012-01-31 00:00:00,Danaher Issues Q1 2012 EPS Guidance In Lien With Reaffirms FY 2012 EPS Guidance
2012-04-10 00:00:00,Incorporated Announces Agreement For Danaher To Acquire Company For Per Share
2012-04-19 00:00:00,Danaher Issues Q2 2012 EPS Guidance Below Raises Low End Of Prior FY 2012 EPS Guidance To A Range In Line With Estimates
2012-05-09 00:00:00,Danaher Corp Announces Quarterly Dividend
2012-07-19 00:00:00,Danaher Issues Q3 2012 EPS Guidance Below Lowers FY 2012 EPS Guidance
2012-09-17 00:00:00,IRIS International Inc Announces Agreement To Be Acquired By Danaher Corporation For Per Share
2012-09-19 00:00:00,Bain Nears Deal To Buy Danaher Corp And Cooper Industries JV Apex Tool
2012-10-17 00:00:00,Earnings Report for October 2012 BAX
2012-10-18 00:00:00,Danaher Corp Issues Q4 2012 EPS Guidance Below Lowers FY 2012 EPS Guidance
2012-10-19 00:00:00,Industrial General Electric Executive Sentenced to Prison
2012-10-22 00:00:00,Danaher Stock Rating Reaffirmed by JPMorgan Chase
2012-10-25 00:00:00,Most Active for Oct 2012 VALE
2012-11-01 00:00:00,Danaher Announces Successful Completion of Cash Tender Offer for Shares of
