2011-01-19 00:00:00,EQT Corporation Declares Quarterly Cash Dividend
2011-05-10 00:00:00,EQT Corporation Declares Quarterly Cash Dividend
2011-05-11 00:00:00,EQT Corporation Announces Sale Of Big Sandy Pipeline To Spectra Energy LP
2011-07-14 00:00:00,EQT Corp Declares Quarterly Cash Dividend
2011-10-27 00:00:00,EQT Corp Sees FY 2011 Production At High End Of Prior Guidance Reaffirms FY 2012 Production Guidance
2012-02-13 00:00:00,EQT Subsidiary Files Registration Statement In Connection With Midstream MLP
2012-04-18 00:00:00,EQT Corp Declares Quarterly Cash Dividend
2012-07-12 00:00:00,EQT Corp Declares Quarterly Cash Dividend
2012-10-10 00:00:00,EQT to buy stake in Danish retailer Tiger
2012-10-12 00:00:00,Former Nokia Vet Anssi Vanjoki Will Be CEO Of Vertu
2012-10-15 00:00:00,says to sell KMD to Advent International
2012-10-18 00:00:00,General Pipeline to pay for bulldozed Howard Hanna
2012-10-22 00:00:00,EQT Corp Third Quarter Earnings Sneak Peek
2012-10-23 00:00:00,EQT Midstream Partners Declares Initial Quarterly Distribution
2012-10-31 00:00:00,EQT Rating Lowered to Market Perform at Wells Fargo
