2010-11-03 00:00:00,GE Secures Million In Brazil Deepwater Equipment Orders
2010-11-04 00:00:00,ALGESCO Inaugurates New Service Center In Algeria
2010-11-05 00:00:00,GE Healthcare Begins Tender Offer To Acquire
2010-11-08 00:00:00,Homebuilder Taylor Morrison Signs Exclusive Appliance Contract With GE Appliances Lighting
2010-11-09 00:00:00,GE Engages In Chinese Joint Ventures to Advance Development Of Smarter Energy And Electrification of Local Infrastructure Projects
2010-11-10 00:00:00,GE Oil Gas And ZKMK Localize Oil And Gas Turbine Manufacturing In Kazakhstan
2010-11-11 00:00:00,GE Announces Largest Single Electric Vehicle Commits to Convert Half of Global Fleet By Announces New Electric Vehicle Customer Experience Centers In Minnesota
2010-11-15 00:00:00,GE Capital Is for Billion Credit Facility to Bay Company
2010-11-22 00:00:00,Bharat Heavy Electricals Limited And GE India Industrial Sign Pact To Make Water
2010-11-23 00:00:00,GE Capital Acts As Agent For Million Credit Facility To International Automotive Components Group North
2010-11-29 00:00:00,GE Healthcare Introduces New Wireless Digital Detector Option For Customers
2010-11-30 00:00:00,GE Appliances Lighting Creates Home Energy Management Business
2010-12-01 00:00:00,GE Healthcare Announces Major Research Collaboration To Identify Diagnostic Biosignatures In Early Disease Detection
2010-12-02 00:00:00,GE Healthcare And LLC Announce Intent to Collaborate In Developing Modular Manufacturing Technology
2010-12-03 00:00:00,GE Healthcare Extends Tender Offer For
2010-12-06 00:00:00,GE Turbines To Help Meet Northern Growing Energy Needs
2010-12-07 00:00:00,GE Announces Framework Agreement With CSR Corporation Limited
2010-12-09 00:00:00,GE Intelligent Platforms And plc Launches Intelligent Building Automation Platform For Data Centers
2010-12-10 00:00:00,GE Board Of Directors Authorizes Increase In Dividend
2010-12-13 00:00:00,General Electric Austria GMBH Announces Recommended Cash Offer For Wellstream Holdings PLC
2010-12-14 00:00:00,Saudi Aramco Selects GE For Expansion Agreements
2010-12-17 00:00:00,GE Healthcare Completes Initial Offering Period For Tender Offer
2010-12-20 00:00:00,General Electric Austria GMBH Announces Update On Recommended Cash Offer For Wellstream Holdings PLC
2010-12-22 00:00:00,GE Healthcare Completes Tender Offer for Clarient
2010-12-27 00:00:00,Russian Firms Set Energy And Medical JVs With
2010-12-28 00:00:00,Says In Talks With Hon Hai Precision Industry On Panel Enters Into JV With
2011-01-04 00:00:00,GE Capital Corp Planning Multi Tranche Bond
2011-01-05 00:00:00,Plutonic Power Agrees to Buy 50 MW Portfolio From First in Partnership with GE Energy Financial Services
2011-01-06 00:00:00,GE Intelligent Acquires SmartSignal Corporation
2011-01-10 00:00:00,GE Energy Financial Services And Bankers Commercial Corporation Buy California Wind Farm
2011-01-11 00:00:00,GE Signs Agreements To Form Joint Ventures With Rostekhnologii And INTER RAO EES OAO
2011-01-13 00:00:00,GE Announces Acquisition Of Lineage Power From The Gores
2011-01-18 00:00:00,General Electric Company to Supply 14 Turbines for Two Wind Farms in
2011-01-19 00:00:00,GE Transportation And TESSCO Technologies Incorporated Form Partnership To And Produce Positive Train Control Solutions
2011-01-24 00:00:00,ArcLight Teams With GE And GIC To Form Largest Fully Independent Power Producer In US Southeast
2011-01-26 00:00:00,GE And Government Of Ontario Establish Global Digital Pathology Centre Of Excellence
2011-01-27 00:00:00,NRG Energy Inc And ConocoPhillips Form Joint Venture To Accelerate Emerging Energy Technology
2011-01-31 00:00:00,GE Capital Sales Finance Secures Contract
2011-02-01 00:00:00,Sopharma Trading AD Sofia Signs Distribution Deal with General Electric
2011-02-03 00:00:00,Aviation Unit And Air India Signs Engine Maintenance
2011-02-07 00:00:00,General Electric Austria GmbH Updates On Recommended Cash Offer For Wellstream Holdings PLC
2011-02-09 00:00:00,GE Intelligent Proficy Workflow Adopted By S3 Development For Intelligent Control Room Management Solution
2011-02-10 00:00:00,Butler Health System To Implement Health Information Exchange
2011-02-11 00:00:00,GE Capital Is Agent For Million In Credit Facilities For
2011-02-14 00:00:00,GE Healthcare And SAS Announces Collaboration
2011-02-16 00:00:00,General Electric Austria GmbH Updates On Recommended Cash Offer For Wellstream Holdings PLC
2011-02-17 00:00:00,IBC Advanced Alloys Corp Signs Agreement With Joint Venture To Advance Beryllium Oxide Nuclear Fuel Research
2011-02-18 00:00:00,GE Capital Is Agent On Million Financing To Borders
2011-02-22 00:00:00,GE Healthcare And Capsule Announce Relationship To Enhance Patient Monitoring and Medical Device Connectivity
2011-02-24 00:00:00,Safran Aircelle Selected by General Electric Middle River Aircraft Systems Participates in Program
2011-02-25 00:00:00,GE Capital Is Agent On Million Credit Facility To Tourneau
2011-02-28 00:00:00,GE Aviation Secures Systems On Boeing Tanker For United States Air Force
2011-03-01 00:00:00,GE And VantagePoint Venture Partners Join In Million Power Boost For Solar Energy Innovator 1366 Technologies
2011-03-02 00:00:00,Formula Boats And GE Capital Renew Dealer Inventory Financing Program
2011-03-03 00:00:00,Erlanger Health System to Implement Health Information Exchange
2011-03-07 00:00:00,Etihad Airways And The Engine Alliance Joint Venture Of GE And Pratt A Unit Of United Technologies Finalize GP7200 Engine and Fleet Management Agreements
2011-03-09 00:00:00,Acacia Research Subsidiary Enters Into License Agreement With General Electric Company
2011-03-29 00:00:00,Energy Business Announces Acquisition Of Converteam
2011-04-01 00:00:00,Wood Group plc Announces Update On Disposal Of Well Support Division To GE Energy
2011-04-05 00:00:00,GE To Supply Water Recycling Technology To First US Power Plant To Be Built With Stricter State Emissions Limits
2011-04-12 00:00:00,GE Announces Water Treatment Outsourcing Agreement Yara International Yara
2011-04-14 00:00:00,Theragenics Corporation Signs North American Distribution Agreement with a Unit of GE Healthcare
2011-04-19 00:00:00,GOL Transportes Aereos And GE Aviation Sign OnPoint Services Agreement For B737NG Systems
2011-04-20 00:00:00,GE Intelligent Platforms Announces Availability Newest Solution For Electric Distribution Industry
2011-04-21 00:00:00,GE Announces Increase In Quarterly Dividend
2011-04-26 00:00:00,GE Completes Acquisition Of John Wood Group PLC
2011-04-28 00:00:00,GE Healthcare To Acquire Applied
2011-05-02 00:00:00,GE Capital Completes Million Credit Facility for
2011-05-04 00:00:00,Railcar Leasing Unit For
2011-05-10 00:00:00,GE Capital Signs Million Distribution Finance Programme With Nimbus Boats AB
2011-05-12 00:00:00,Rapidscan Pharma Solutions EU Ltd Selects GE Healthcare To Promote And Distribute Rapiscan In United Kingdom And Germany
2011-05-17 00:00:00,GE Gas Turbines to Provide Power for Russia
2011-05-25 00:00:00,GE Announces Power Plant To Enable Greater Use Of Solar And Natural Gas On Power Grid
2011-05-26 00:00:00,GE Capital Announces Sale Of Stake In Banco Colpatria Red Multibanca SA To Mercantil Colpatria
2011-06-01 00:00:00,Greenko Group PLC Extends Its Partnership With GE
2011-06-03 00:00:00,Radiology Group Selects Centricity OneView
2011-06-07 00:00:00,MetCap Energy Selects New FlexEfficiency Technology For Worlds First Integrated Renewables Combined Cycle Power Plant
2011-06-09 00:00:00,GE Healthcares AngioViz Vascular Vision Software Receives FDA Clearance
2011-06-14 00:00:00,GE And Gehrlicher Solar Signs Agreement To Build Solar Parks Worldwide
2011-06-16 00:00:00,GE Oil Gas Secures Subsea Service Contract to Maintain Petrobras Campos Offshore Brazil Fleet at Peak Performance Levels
2011-06-17 00:00:00,Westell Subsidiary Announces Collaboration With GE Healthcare
2011-06-20 00:00:00,GE Aviation To Deploy RNP Paths At Jiuzhai Huanglong Airport
2011-06-21 00:00:00,GE Healthcare Financial Services Provides Million Term Loan for Saladax
2011-06-23 00:00:00,Felling Trailers Selects GE Capital For Inventory Financing Program In US And Canada
2011-06-27 00:00:00,Calpine GE Obtain Million Credit Facility To Finance Calif
2011-06-30 00:00:00,Brimar Limited GE Intelligent Platforms To Equip New Patrol Vehicles With Video
2011-07-05 00:00:00,GE Healthcare Financial Services Closes Million Credit Facilities for SpecialtyCare
2011-07-06 00:00:00,GE Oil Gas Receives Contract
2011-07-07 00:00:00,GE Capital Agents Billion in Credit Facilities for Alere
2011-07-20 00:00:00,GE Capital Secures Contract
2011-07-25 00:00:00,GE Lighting Acquires Lightech
2011-07-26 00:00:00,GE Oil Gas To Supply Compression Equipment For Wheatstone Project In Western Australia
2011-07-27 00:00:00,GE Capital Forms Strategic Relationship With Mitsui
2011-08-01 00:00:00,HNA Group and Bravia Capital To Acquire GE SeaCo Joint Venture Between GE Capital And SeaCo Ltd
2011-08-03 00:00:00,GE Appliances Appoints Frigo2000 Distributor For France
2011-08-11 00:00:00,Concord Medical Services Holdings Ltd And GE Healthcare Sign MOU For Preferred Partnership In China
2011-08-16 00:00:00,GE Healthcare To Acquire PAA Laboratories GmbH
2011-08-19 00:00:00,GE Acquires Enhances Bently Nevada Condition Monitoring Portfolio
2011-08-29 00:00:00,GE Hitachi Nuclear Energy Secures Contract
2011-09-02 00:00:00,GE Board of Directors Authorizes Regular Quarterly Dividend
2011-09-06 00:00:00,GE To Supply 300 Megawatts Of Wind Turbine Technology
2011-09-07 00:00:00,GE To Distribute NTrainer System From KC BioMedix
2011-09-09 00:00:00,GE Launches Research Circle Technology
2011-09-13 00:00:00,Standard Chartered PLC And SBI Joint Venture Between State Bank of India And GE Capital Compete To Buy Barclays India Credit Cards
2011-09-16 00:00:00,GE Forms Energy Joint Ventures In
2011-09-20 00:00:00,Egypt Selects GE Technology For Million In Electricity Contracts
2011-09-26 00:00:00,GE To Build Factory In West
2011-10-14 00:00:00,GE Plans to Build Solar Factory in Colorado
2011-10-21 00:00:00,GE Comments On FY 2012 EPS
2011-10-24 00:00:00,GE Energy Buys Stake In Lightfoot Capital Partners
2011-10-26 00:00:00,Foster Wheeler Global Engineering and Construction Group Subsidiary Signs Memorandum Of Understanding
2011-10-31 00:00:00,GE To Supply Key Components For Centerline SWD Saltwater Disposal Well System
2011-11-01 00:00:00,Xylem Inc And GE Signs Distribution Agreement For Advanced Water And Wastewater Membrane Technology
2011-11-07 00:00:00,GE Intelligent Platforms And Juniper To Develop Family of Secure Network Appliances for Military Vehicles
2011-11-16 00:00:00,GE Transportation Acquires Rail Software Provider RMI From The Carlyle Group
2011-11-18 00:00:00,GE Announces Expansion Of Integrated Renewable Combined Cycle Plant With MetCap Energy Investments
2011-11-21 00:00:00,GE Healthcare And Neste Jacobs Form Strategic Alliance To Drive Worldwide In Blood Plasma Fractionation
2011-11-22 00:00:00,GE To Work With Harris Corporation To Equip Subsystems
2011-11-23 00:00:00,GE Capital Provides GBP150 Million Cross Border Financing Facility To PE Backed Accolade
2011-12-05 00:00:00,Saudi Electricity GE Sign Agreement Totaling Almost Million for Six Power Plant Expansions
2011-12-09 00:00:00,And ACORN Research Announces Collaboration To Standardize Testing Of Common Cancers
2011-12-13 00:00:00,GE Comments On FY 2012
2011-12-14 00:00:00,GE Healthcare And Group Form Strategic Alliance In Insulin And Biopharmaceuticals
2011-12-23 00:00:00,in Consortium with General Electric Co Signs Contract with
2011-12-27 00:00:00,GE Capital To Acquire MetLifes Retail Deposit Business
2012-01-10 00:00:00,GE Healthcare Announces Biosense Webster Agreement
2012-01-30 00:00:00,Over Billion In New Orders Announced At 2012 GE Oil Gas Annual Meeting
2012-01-31 00:00:00,General Electric GE Capital Retail Bank Announces New Agreement To Provide Credit Card Program For Toys R Acquires Card Program Assets From JPMorgan Chase Co
2012-02-10 00:00:00,General Electric Co Board of Directors Authorizes Regular Quarterly Dividend
2012-02-13 00:00:00,General Electric GE Aviation Expands Network of Operations
2012-02-15 00:00:00,General Electric GE Capital Provides Million Credit Facility to Lightower Fiber Networks
2012-02-23 00:00:00,General Electric GE Oil Gas Secures Contract Of More Than Million For Julimar Development Project Offshore Western Australia
2012-02-27 00:00:00,Nippon Carbon to Establish Joint Venture with GE and Safran
2012-03-05 00:00:00,General Electric Co Signs Agreement For Locomotive Service Center With PT Kereta Api Indonesia
2012-03-07 00:00:00,General Electric Co And Chesapeake Energy Corporation Announce Collaboration To Speed Adoption Of Natural Gas As Transportation Fuel
2012-03-09 00:00:00,Mitsubishi Heavy Announces Verdict of Lawsuit Filed by General Electric Co
2012-03-22 00:00:00,General Electric Co To Acquire Majority Stake In Advanced Systek
2012-04-04 00:00:00,General Electric GE Healthcare Completes Acquisition Of
2012-04-05 00:00:00,General Electric Co And Massachusetts Institute of Technology Building Crowdsourcing Software Platform To Revolutionize Product Design And Manufacturing
2012-04-11 00:00:00,General Electric GE Healthcare Announces Preliminary Phase 3 Results For Flutemetamol
2012-04-13 00:00:00,General Electric GE Healthcare Announces Research Collaboration With Clino Ltd
2012-04-17 00:00:00,General Electric Wind Turbines Selected By Chinese Wind Power Developer For Project In Canada
2012-04-19 00:00:00,General Electric GE Healthcare And NXT2B To Develop Next Generation Compact Cyclotron And PET Tracer System For Global Markets
2012-04-25 00:00:00,General Electric Co Comments On FY 2013 Earnings Call
2012-04-30 00:00:00,General Electric GE Oil Gas Receives Million Contract From ATP Oil Gas For Cheviot Oilfield Project In North Sea
2012-05-07 00:00:00,General Electric Co And China Xd Electric Co Form Global Transmission And Distribution Partnership
2012-05-09 00:00:00,Biosense Webster Inc Collaborates With General Electric GE Healthcare And Siemens Siemens Healthcare To Bring Solutions To Electrophysiologists
2012-05-10 00:00:00,General Electric GE Healthcare Completes Acquisition Of
2012-05-15 00:00:00,General Electric Co Enters Into An Agreement To Acquire Industrea GE A Unit Of GE Signs A Binding Letter Of Intent To Acquire Fairchild International
2012-05-22 00:00:00,General Electric GE Aviation And Emirates Airline Work Together To Optimize Traffic Reduce Flight Costs
2012-05-31 00:00:00,General Electric GE Healthcare Licenses Genomic Biomarker For Lung Cancer From Insight Genetics
2012-06-05 00:00:00,General Electric GE Healthcare Completes Acquisition of XPRO
2012-06-06 00:00:00,PETRONAS Selects General Electric GE Oil Gas Technology For PETRONAS LNG Train 9 Project
2012-06-07 00:00:00,General Electric GE Healthcare And Affibody AB To Collaborate On Her2 specific PET Imaging Agent For Breast And Gastric Cancer
2012-06-12 00:00:00,General Electric Co To Supply General Dynamics UK With Subsystems For Scout SV ISTAR Platform
2012-06-21 00:00:00,NK OAO and General Electric Co Sign Cooperation Agreement
2012-06-26 00:00:00,Servicesource International Inc And General Electric GE Healthcare Renews Partnership
2012-07-02 00:00:00,General Electric Co Secures Contract From Triventus Wind Power AB
2012-07-09 00:00:00,Duro Felguera SA To Built Electric Power Plant In Argentina In Collaboration With General Electric Co And Fainser
2012-07-10 00:00:00,General Electric Co To Spend Additional Million To Expand Battery
2012-07-16 00:00:00,General Electric GE Aviation Signs Contract For Systems On Boeing Tanker For United States Air Force
2012-07-17 00:00:00,Final Phase 3 Results For General Electric GE Healthcare Investigational Imaging Agent Flutemetamol Presented At Alzheimers Association International Conference
2012-07-20 00:00:00,Chevron Awards Service Agreement for Gorgon Project in Australia to General Electric Co
2012-07-26 00:00:00,iBio Inc And General Electric GE Healthcare Form New Global Alliance
2012-08-01 00:00:00,General Electric Co Acquires PRESENS
2012-08-07 00:00:00,General Electric Co and Nautic Global Group Announce Strategic Inventory Finance Program
2012-08-09 00:00:00,RAO Energeticheskiye sistemy Vostoka OAO Signs Deal To Buy Equipment From General Electric GE
2012-08-10 00:00:00,General Electric Co Signs Agreement To Acquire Naxys
2012-08-21 00:00:00,FDA Approves Labeling Changes For General Electric GE Healthcares Optison
2012-09-07 00:00:00,General Electric Co Authorizes Regular Quarterly Dividend
2012-09-10 00:00:00,General Electric GE Energy Storage And Xtreme Power Form Strategic Alliance To Deliver Energy Storage For Grid
2012-09-12 00:00:00,General Electric Co Is Said To Mull Sale Of Billion Stake In Bank of Ayudhya
2012-09-17 00:00:00,General Electric Co Hires Morgan Stanley To Review Billion Bank of Ayudhya PCL
2012-09-18 00:00:00,General Electric GE Oil Gas Signs Contract Of Nearly Billion With Petrobras
2012-09-19 00:00:00,General Electric Co Receives million in New Orders For Breakthrough Battery
2012-09-26 00:00:00,General Electric Co Trims Stake In Bank of Ayudhya Public Company
2012-09-28 00:00:00,General Electric Cos Power Conversion business Signs Contracts In Excess Of Million To Support Petrobras Drilling Program With Advanced Power And Propulsion Technology
2012-10-01 00:00:00,Integrys Energy Group Subsidiary Enters Into Agreement To Buy General Electric Co And Tyr Fox Energy Company LLC
2012-10-03 00:00:00,Safran and General Electric CFM Receives Order from GOL Airlines
2012-10-08 00:00:00,General Electric Oil Gas Secures Contract
2012-10-11 00:00:00,Safran and General Electric CFM Receives Order from Alaska Airlines
2012-10-19 00:00:00,General Electric Co Reaffirms FY 2012 EPS Guidance
2012-10-23 00:00:00,General Electric Preparing for Expected Fiscal Cliff
2012-10-31 00:00:00,GENERAL ELECTRIC COMPANY Bay Area Climate Collaborative and GE
2012-11-01 00:00:00,GE Premium Targeted by Eaton CEO After Billion Deal
