2011-08-22 00:00:00,Hormel Foods Joint Venture Company MegaMex Foods LLC Announces Close of Fresherized Foods Acquisition
2011-08-25 00:00:00,Hormel Foods Corporation Raises FY 2011 EPS Guidance
2011-11-21 00:00:00,Hormel Foods Corporation Announces Increase In Annual Dividend
2011-11-22 00:00:00,Hormel Foods Corporation Issues FY 2012 EPS Guidance Above Estimates
2012-02-23 00:00:00,Hormel Foods Corporation Reaffirms FY 2012 EPS Guidance
2012-10-09 00:00:00,Top 4 NYSE Stocks In The Meat Products Industry With The Highest Profit Margin
2012-10-11 00:00:00,5 Stocks Going Next Week
2012-10-12 00:00:00,Crunch Time For The Stock Market
2012-10-19 00:00:00,Hormel Foods Breaks Below Moving Average Notable for HRL
2012-10-22 00:00:00,Hormel Foods Recognized on Green Rankings for Fourth Straight
