2011-01-19 00:00:00,Linear Technology Corporation Issues Q3 2011 Revenue Below Call
2011-04-07 00:00:00,Advanced Analogic Technologies Announces Resolution of Litigation With Linear Technology Corporation
2011-04-12 00:00:00,Linear Technology Corporation Settles Patent Enforcement Action Against Advanced Analogic Inc
2011-09-20 00:00:00,Linear Technology Corporation Teams with AEi Systems to Offer WCCA and SPICE Modeling
2011-10-19 00:00:00,Linear Technology Corporation Issues Q2 2012 Revenue Guidance Below Call
2012-01-17 00:00:00,Linear Technology Corporation Comments On Q3 2012 Revenue Raises Quarterly Dividend To Per Share
2012-07-24 00:00:00,Linear Technology Corporation Issues Q1 2013 Revenue Guidance Below Declares Cash Dividend
2012-10-10 00:00:00,Barclays Capital Reaffirms Equalweight Rating on Linear Technology
2012-10-17 00:00:00,Microchip Technology A Dividend Idea In The Semiconductor Space
2012-10-18 00:00:00,Nomura Cuts Linear Technology to Neutral
