2010-12-01 00:00:00,NVIDIA Launches NVS Business Graphics Solutions
2010-12-02 00:00:00,Rambus Files ITC Complaint Against Broadcom Freescale LSI MediaTek NVIDIA And STMicroelectronics
2011-01-05 00:00:00,Glu Mobile Announces Partnership With NVIDIA
2011-01-10 00:00:00,Intel Corporation Announces New Patent Cross License Agreement With NVIDIA IA Pending Litigation Also Settled
2011-02-16 00:00:00,NVIDIA Issues Q1 2012 Revenue Guidance Above Estimates
2011-04-07 00:00:00,MOSAID Technologies Incorporated Files Patent Infringement Suit Against NVIDIA Freescale and Interphase Corporation
2011-05-09 00:00:00,NVIDIA Agrees To Acquire Icera
2011-05-12 00:00:00,NVIDIA Issues Q2 2012 Revenue Guidance Above Estimates
2011-08-11 00:00:00,NVIDIA Issues Q3 2012 Revenue Guidance Above Estimates
2011-09-06 00:00:00,NVIDIA Issues FY 2013 Revenue Guidance Above Estimates
2011-11-10 00:00:00,NVIDIA Issues Q4 2012 Revenue Guidance In Line With Estimates
2012-01-24 00:00:00,NVIDIA Lowers Q4 2012 Revenue Guidance
2012-02-08 00:00:00,Rambus And NVIDIA Signs Patent License Agreement
2012-05-11 00:00:00,NVIDIA Issues Q2 2013 Revenue Guidance Above Estimates
2012-08-09 00:00:00,NVIDIA Corp Issues Q3 2013 Revenue Guidance Below Estimates
2012-10-04 00:00:00,NVIDIA Corporation Unusual Options Volume
2012-10-16 00:00:00,NVidia Corporation Rolls Out Its CUDA 5 Parallel Computing
