2010-11-17 00:00:00,Philip Morris International Reaffirms FY 2010 EPS Guidance
2010-12-08 00:00:00,Philip Morris International Declares Regular Quarterly Dividend Of Per Share
2011-01-05 00:00:00,Philip Morris International Ends Pursuit Of Colombian Acquisition
2011-02-10 00:00:00,Philip Morris International Issues FY 2011 EPS Guidance In Line With Estimates
2011-04-21 00:00:00,Philip Morris International Raises FY 2011 EPS Guidance
2011-05-26 00:00:00,Philip Morris International Announces Patent Purchase Agreement
2011-06-08 00:00:00,Philip Morris International Declares Regular Quarterly Dividend Of Per Share
2011-06-27 00:00:00,Philip Morris International Threatens To Sue Australia Over
2011-09-14 00:00:00,Philip Morris International Increases Quarterly Dividend To Per Share
2011-12-07 00:00:00,Philip Morris International Declares Regular Quarterly Dividend Of Per Share
2012-03-14 00:00:00,Philip Morris International Declares Regular Quarterly Dividend Of Per Share
2012-04-19 00:00:00,Philip Morris International Revises FY 2012 EPS Guidance To A Range In Line With Estimates
2012-05-07 00:00:00,Philip Morris International Announces Senior Management Changes
2012-06-13 00:00:00,Philip Morris International Announces New Three Year Share Repurchase Program Of Declares Regular Quarterly Dividend Of Per Share
2012-10-15 00:00:00,Earnings Philip Morris Analyst Blog
2012-10-17 00:00:00,Earnings Report for October 2012 BAX
2012-10-23 00:00:00,Philip Morris Earnings Call Guidance Update Core Brand
2012-10-24 00:00:00,Philip Morris International sees slowing revenues growth in the
2012-11-05 00:00:00,These Stocks are Forming a Rising Wedge on
2012-11-06 00:00:00,Philip Morris International to Webcast Presentation at Morgan
2012-11-07 00:00:00,Top Dividend Stocks Favored By Todd Veredus
2012-11-08 00:00:00,These Stocks are Forming a Rising Wedge on
