2010-11-10 00:00:00,Prudential Announces Billion Common Stock Offering
2010-11-17 00:00:00,Prudential Completes Public Offering Of Common Stock
2010-11-18 00:00:00,Prudential Completes Financing For Acquisition Of AIG Star And AIG Edison
2011-02-01 00:00:00,Prudential Acquires AIG Star And AIG Edison In Japan From American International
2011-02-23 00:00:00,Prudential Announces PruTerm WorkLife 65
2011-04-06 00:00:00,Prudential Prudential Real Estate Investors To Acquire Australian Property
2011-04-07 00:00:00,Jefferies To Acquire Prudential Bache For Approximately Million From Prudential
2011-06-07 00:00:00,Prudential Institutes Share Repurchase Program
2011-07-01 00:00:00,Prudential Completes Sale Of Global Commodities Business To Jefferies Inc
2011-07-25 00:00:00,Prudential Prudential Mortgage Capital Company Provides Million In Financing For Hawaii Properties
2011-08-24 00:00:00,Prudential Gets Approval To Set Up China Life Insurance
2011-09-08 00:00:00,Prudential PREI Acquires New Condominium Building On New Yorks Upper East Side
2011-09-15 00:00:00,Prudential And Fosun International Limited To Launch Life Insurance Joint Venture In China
2011-11-08 00:00:00,Prudential Declares Annual Dividend On Common Stock
2011-11-28 00:00:00,Prudential Acquires Class A Chicago Office Property
2012-03-26 00:00:00,Potential Bidders Including Prudential Line Up ING Groep Asia
2012-08-22 00:00:00,Robbins Geller Rudman Dowd LLP Files Class Action Suit Against Prudential
2012-08-23 00:00:00,Robbins Umeda LLP Announces Investigation Of Prudential Financial Inc
2012-08-30 00:00:00,Glancy Binkow Goldberg LLP Announces Investigation of Prudential Financial Inc
2012-09-27 00:00:00,Prudential Financial Inc Near Deal To Buy The Hartford Financial Services Group Insurance
2012-10-17 00:00:00,Verizon to Move Pensions to a Prudential Annuity
2012-10-23 00:00:00,PRUDENTIAL FINANCIAL INC headquarters achieves platinum
2012-10-31 00:00:00,Strong 3Q at Genworth Financial Analyst Blog
